,pclass,sex,fare,age,survived
0,1.0,0,211.3375,29.0,1.0
1,1.0,1,151.55,0.9167,1.0
2,1.0,0,151.55,2.0,0.0
3,1.0,1,151.55,30.0,0.0
4,1.0,0,151.55,25.0,0.0
5,1.0,1,26.55,48.0,1.0
6,1.0,0,77.9583,63.0,1.0
7,1.0,1,0.0,39.0,0.0
8,1.0,0,51.4792,53.0,1.0
9,1.0,1,49.5042,71.0,0.0
10,1.0,1,227.525,47.0,0.0
11,1.0,0,227.525,18.0,1.0
12,1.0,0,69.3,24.0,1.0
13,1.0,0,78.85,26.0,1.0
14,1.0,1,30.0,80.0,1.0
16,1.0,1,247.5208,24.0,0.0
17,1.0,0,247.5208,50.0,1.0
18,1.0,0,76.2917,32.0,1.0
19,1.0,1,75.2417,36.0,0.0
20,1.0,1,52.5542,37.0,1.0
21,1.0,0,52.5542,47.0,1.0
22,1.0,1,30.0,26.0,1.0
23,1.0,0,227.525,42.0,1.0
24,1.0,0,221.7792,29.0,1.0
25,1.0,1,26.0,25.0,0.0
26,1.0,1,91.0792,25.0,1.0
27,1.0,0,91.0792,19.0,1.0
28,1.0,0,135.6333,35.0,1.0
29,1.0,1,26.55,28.0,1.0
30,1.0,1,35.5,45.0,0.0
31,1.0,1,31.0,40.0,1.0
32,1.0,0,164.8667,30.0,1.0
33,1.0,0,26.55,58.0,1.0
34,1.0,1,26.55,42.0,0.0
35,1.0,0,262.375,45.0,1.0
36,1.0,0,55.0,22.0,1.0
38,1.0,1,30.5,41.0,0.0
39,1.0,1,50.4958,48.0,0.0
41,1.0,0,27.7208,44.0,1.0
42,1.0,0,51.4792,59.0,1.0
43,1.0,0,76.2917,60.0,1.0
44,1.0,0,134.5,41.0,1.0
45,1.0,1,26.55,45.0,0.0
47,1.0,1,26.2875,42.0,1.0
48,1.0,0,27.4458,53.0,1.0
49,1.0,1,512.3292,36.0,1.0
50,1.0,0,512.3292,58.0,1.0
51,1.0,1,5.0,33.0,0.0
52,1.0,1,47.1,28.0,0.0
53,1.0,1,47.1,17.0,0.0
54,1.0,1,120.0,11.0,1.0
55,1.0,0,120.0,14.0,1.0
56,1.0,1,120.0,36.0,1.0
57,1.0,0,120.0,36.0,1.0
58,1.0,1,26.0,49.0,0.0
60,1.0,1,78.85,36.0,0.0
61,1.0,0,78.85,76.0,1.0
62,1.0,1,61.175,46.0,0.0
63,1.0,0,61.175,47.0,1.0
64,1.0,1,53.1,27.0,1.0
65,1.0,0,53.1,33.0,1.0
66,1.0,0,262.375,36.0,1.0
67,1.0,0,86.5,30.0,1.0
68,1.0,1,29.7,45.0,1.0
71,1.0,1,136.7792,27.0,0.0
72,1.0,0,136.7792,26.0,1.0
73,1.0,0,151.55,22.0,1.0
75,1.0,1,25.5875,47.0,0.0
76,1.0,0,83.1583,39.0,1.0
77,1.0,1,83.1583,37.0,0.0
78,1.0,0,83.1583,64.0,1.0
79,1.0,0,25.7,55.0,1.0
81,1.0,1,71.0,70.0,0.0
82,1.0,0,71.0,36.0,1.0
83,1.0,0,26.55,64.0,1.0
84,1.0,1,71.2833,39.0,0.0
85,1.0,0,71.2833,38.0,1.0
86,1.0,1,26.55,51.0,1.0
87,1.0,1,30.5,27.0,1.0
88,1.0,0,151.55,33.0,1.0
89,1.0,1,52.0,31.0,0.0
90,1.0,0,52.0,27.0,1.0
91,1.0,1,57.0,31.0,1.0
92,1.0,0,57.0,17.0,1.0
93,1.0,1,81.8583,53.0,1.0
94,1.0,1,81.8583,4.0,1.0
95,1.0,0,81.8583,54.0,1.0
96,1.0,1,106.425,50.0,0.0
97,1.0,0,247.5208,27.0,1.0
98,1.0,0,106.425,48.0,1.0
99,1.0,0,39.6,48.0,1.0
100,1.0,1,56.9292,49.0,1.0
101,1.0,1,29.7,39.0,0.0
102,1.0,0,83.1583,23.0,1.0
103,1.0,0,227.525,38.0,1.0
104,1.0,0,78.2667,54.0,1.0
105,1.0,0,31.6792,36.0,0.0
109,1.0,1,26.3875,36.0,1.0
110,1.0,1,27.75,30.0,0.0
111,1.0,0,263.0,24.0,1.0
112,1.0,0,263.0,28.0,1.0
113,1.0,0,263.0,23.0,1.0
114,1.0,1,263.0,19.0,0.0
115,1.0,1,263.0,64.0,0.0
116,1.0,0,263.0,60.0,1.0
117,1.0,0,56.9292,30.0,1.0
119,1.0,1,133.65,50.0,1.0
120,1.0,1,27.7208,43.0,1.0
122,1.0,0,49.5,22.0,1.0
123,1.0,1,79.2,60.0,1.0
124,1.0,0,79.2,48.0,1.0
126,1.0,1,53.1,37.0,0.0
127,1.0,0,53.1,35.0,1.0
128,1.0,1,38.5,47.0,0.0
129,1.0,0,211.5,35.0,1.0
130,1.0,0,59.4,22.0,1.0
131,1.0,0,59.4,45.0,1.0
132,1.0,1,79.2,24.0,0.0
133,1.0,1,89.1042,49.0,1.0
135,1.0,1,34.6542,71.0,0.0
136,1.0,1,28.5,53.0,1.0
137,1.0,0,30.0,19.0,1.0
138,1.0,1,153.4625,38.0,0.0
139,1.0,0,153.4625,58.0,1.0
140,1.0,1,63.3583,23.0,1.0
141,1.0,0,63.3583,45.0,1.0
142,1.0,1,79.2,46.0,0.0
143,1.0,1,55.4417,25.0,1.0
144,1.0,0,55.4417,25.0,1.0
145,1.0,1,76.7292,48.0,1.0
146,1.0,0,76.7292,49.0,1.0
148,1.0,1,83.475,45.0,0.0
149,1.0,0,83.475,35.0,1.0
150,1.0,1,0.0,40.0,0.0
151,1.0,1,76.7292,27.0,1.0
153,1.0,0,83.1583,24.0,1.0
154,1.0,1,93.5,55.0,0.0
155,1.0,0,93.5,52.0,1.0
156,1.0,1,42.5,42.0,0.0
158,1.0,1,50.0,55.0,0.0
159,1.0,0,57.9792,16.0,1.0
160,1.0,0,57.9792,44.0,1.0
161,1.0,0,77.9583,51.0,1.0
162,1.0,1,52.0,42.0,0.0
163,1.0,0,52.0,35.0,1.0
164,1.0,1,26.55,35.0,1.0
165,1.0,1,90.0,38.0,1.0
167,1.0,0,90.0,35.0,1.0
168,1.0,0,80.0,38.0,1.0
169,1.0,0,28.7125,50.0,0.0
170,1.0,1,0.0,49.0,1.0
171,1.0,1,26.0,46.0,0.0
172,1.0,1,26.0,50.0,0.0
173,1.0,1,211.5,32.5,0.0
174,1.0,1,29.7,58.0,0.0
175,1.0,1,51.8625,41.0,0.0
177,1.0,1,52.5542,42.0,1.0
178,1.0,0,52.5542,45.0,1.0
180,1.0,0,211.3375,39.0,1.0
181,1.0,0,25.9292,49.0,1.0
182,1.0,0,106.425,30.0,1.0
183,1.0,1,512.3292,35.0,1.0
185,1.0,1,26.55,42.0,0.0
186,1.0,0,27.7208,55.0,1.0
187,1.0,0,39.4,16.0,1.0
188,1.0,0,39.4,51.0,1.0
189,1.0,1,30.0,29.0,0.0
190,1.0,0,77.9583,21.0,1.0
191,1.0,1,45.5,30.0,0.0
192,1.0,0,146.5208,58.0,1.0
193,1.0,0,211.3375,15.0,1.0
194,1.0,1,26.0,30.0,0.0
195,1.0,0,86.5,16.0,1.0
197,1.0,1,53.1,19.0,0.0
198,1.0,0,53.1,18.0,1.0
199,1.0,0,49.5042,24.0,1.0
200,1.0,1,75.2417,46.0,0.0
201,1.0,1,51.8625,54.0,0.0
202,1.0,1,26.2875,36.0,1.0
203,1.0,1,82.1708,28.0,0.0
205,1.0,1,26.55,65.0,0.0
206,1.0,1,90.0,44.0,0.0
207,1.0,0,90.0,33.0,1.0
208,1.0,0,90.0,37.0,1.0
209,1.0,1,57.75,30.0,1.0
210,1.0,1,30.5,55.0,0.0
211,1.0,1,42.4,47.0,0.0
212,1.0,1,29.7,37.0,0.0
213,1.0,0,113.275,31.0,1.0
214,1.0,0,113.275,23.0,1.0
215,1.0,1,113.275,58.0,0.0
216,1.0,0,26.2833,19.0,1.0
217,1.0,1,26.0,64.0,0.0
218,1.0,0,108.9,39.0,1.0
220,1.0,0,61.9792,22.0,1.0
221,1.0,1,61.9792,65.0,0.0
222,1.0,1,27.7208,28.5,0.0
224,1.0,1,28.5,45.5,0.0
225,1.0,1,93.5,23.0,0.0
226,1.0,1,66.6,29.0,0.0
227,1.0,0,66.6,22.0,1.0
228,1.0,1,108.9,18.0,0.0
229,1.0,0,108.9,17.0,1.0
230,1.0,0,93.5,30.0,1.0
231,1.0,1,30.5,52.0,1.0
232,1.0,1,52.0,47.0,0.0
233,1.0,0,83.1583,56.0,1.0
234,1.0,1,0.0,38.0,0.0
236,1.0,1,135.6333,22.0,0.0
238,1.0,0,211.3375,43.0,1.0
239,1.0,1,50.4958,31.0,0.0
240,1.0,1,26.55,45.0,1.0
242,1.0,0,27.7208,33.0,1.0
243,1.0,1,79.2,46.0,0.0
244,1.0,1,40.125,36.0,0.0
245,1.0,0,86.5,33.0,1.0
246,1.0,1,59.4,55.0,0.0
247,1.0,0,59.4,54.0,1.0
248,1.0,1,26.55,33.0,0.0
249,1.0,1,262.375,13.0,1.0
250,1.0,0,262.375,18.0,1.0
251,1.0,0,262.375,21.0,1.0
252,1.0,1,262.375,61.0,0.0
253,1.0,0,262.375,48.0,1.0
255,1.0,0,69.3,24.0,1.0
257,1.0,0,57.75,35.0,1.0
258,1.0,0,31.0,30.0,1.0
259,1.0,1,26.55,34.0,1.0
260,1.0,0,153.4625,40.0,1.0
261,1.0,1,26.2875,35.0,1.0
262,1.0,1,55.9,50.0,0.0
263,1.0,0,55.9,39.0,1.0
264,1.0,1,35.5,56.0,1.0
265,1.0,1,35.5,28.0,1.0
266,1.0,1,26.55,56.0,0.0
267,1.0,1,30.6958,56.0,0.0
268,1.0,1,60.0,24.0,0.0
270,1.0,0,60.0,18.0,1.0
271,1.0,1,82.2667,24.0,1.0
272,1.0,0,82.2667,23.0,1.0
273,1.0,1,134.5,6.0,1.0
274,1.0,1,134.5,45.0,1.0
275,1.0,0,134.5,40.0,1.0
276,1.0,1,146.5208,57.0,0.0
278,1.0,1,30.5,32.0,1.0
279,1.0,1,26.55,62.0,0.0
280,1.0,1,55.4417,54.0,1.0
281,1.0,0,55.4417,43.0,1.0
282,1.0,0,78.2667,52.0,1.0
284,1.0,0,80.0,62.0,1.0
285,1.0,1,221.7792,67.0,0.0
286,1.0,0,221.7792,63.0,0.0
287,1.0,1,32.3208,61.0,0.0
288,1.0,0,25.9292,48.0,1.0
289,1.0,0,79.65,18.0,1.0
290,1.0,1,79.65,52.0,0.0
291,1.0,0,79.65,39.0,1.0
292,1.0,1,52.0,48.0,1.0
294,1.0,1,110.8833,49.0,0.0
295,1.0,1,110.8833,17.0,1.0
296,1.0,0,110.8833,39.0,1.0
298,1.0,1,28.5375,31.0,1.0
299,1.0,1,27.7208,40.0,0.0
300,1.0,1,33.5,61.0,0.0
301,1.0,1,34.0208,47.0,0.0
302,1.0,0,512.3292,35.0,1.0
303,1.0,1,75.25,64.0,0.0
304,1.0,0,75.25,60.0,1.0
305,1.0,1,26.55,60.0,0.0
306,1.0,1,77.2875,54.0,0.0
307,1.0,1,77.2875,21.0,0.0
308,1.0,0,135.6333,55.0,1.0
309,1.0,0,164.8667,31.0,1.0
310,1.0,1,164.8667,57.0,0.0
311,1.0,0,164.8667,45.0,1.0
312,1.0,1,211.5,50.0,0.0
313,1.0,1,211.5,27.0,0.0
314,1.0,0,211.5,50.0,1.0
315,1.0,0,26.55,21.0,1.0
316,1.0,1,61.3792,51.0,0.0
317,1.0,1,61.3792,21.0,1.0
319,1.0,0,134.5,31.0,1.0
321,1.0,1,26.55,62.0,0.0
322,1.0,0,135.6333,36.0,1.0
323,2.0,1,24.0,30.0,0.0
324,2.0,0,24.0,28.0,1.0
325,2.0,1,13.0,30.0,0.0
326,2.0,1,11.5,18.0,0.0
327,2.0,1,10.5,25.0,0.0
328,2.0,1,26.0,34.0,0.0
329,2.0,0,26.0,36.0,1.0
330,2.0,1,13.0,57.0,0.0
331,2.0,1,11.5,18.0,0.0
332,2.0,1,10.5,23.0,0.0
333,2.0,0,13.0,36.0,1.0
334,2.0,1,10.5,28.0,0.0
335,2.0,1,12.525,51.0,0.0
336,2.0,1,26.0,32.0,1.0
337,2.0,0,26.0,19.0,1.0
338,2.0,1,26.0,28.0,0.0
339,2.0,1,39.0,1.0,1.0
340,2.0,0,39.0,4.0,1.0
341,2.0,0,39.0,12.0,1.0
342,2.0,0,39.0,36.0,1.0
343,2.0,1,13.0,34.0,1.0
344,2.0,0,13.0,19.0,1.0
345,2.0,1,13.0,23.0,0.0
346,2.0,1,13.0,26.0,0.0
347,2.0,1,13.0,42.0,0.0
348,2.0,1,13.0,27.0,0.0
349,2.0,0,13.0,24.0,1.0
350,2.0,0,39.0,15.0,1.0
351,2.0,1,39.0,60.0,0.0
352,2.0,0,39.0,40.0,1.0
353,2.0,0,26.0,20.0,1.0
354,2.0,1,26.0,25.0,0.0
355,2.0,0,13.0,36.0,1.0
356,2.0,1,13.0,25.0,0.0
357,2.0,1,13.0,42.0,0.0
358,2.0,0,13.0,42.0,1.0
359,2.0,1,29.0,0.8333,1.0
360,2.0,1,29.0,26.0,1.0
361,2.0,0,29.0,22.0,1.0
362,2.0,0,21.0,35.0,1.0
364,2.0,1,13.0,19.0,0.0
365,2.0,0,26.0,44.0,0.0
366,2.0,1,26.0,54.0,0.0
367,2.0,1,13.5,52.0,0.0
368,2.0,1,26.0,37.0,0.0
369,2.0,0,26.0,29.0,0.0
370,2.0,0,30.0,25.0,1.0
371,2.0,0,30.0,45.0,1.0
372,2.0,1,26.0,29.0,0.0
373,2.0,0,26.0,28.0,1.0
374,2.0,1,10.5,29.0,0.0
375,2.0,1,13.0,28.0,0.0
376,2.0,1,10.5,24.0,1.0
377,2.0,0,26.25,8.0,1.0
378,2.0,1,26.25,31.0,0.0
379,2.0,0,26.25,31.0,1.0
380,2.0,0,10.5,22.0,1.0
381,2.0,0,13.0,30.0,0.0
383,2.0,1,11.5,21.0,0.0
385,2.0,1,36.75,8.0,1.0
386,2.0,1,73.5,18.0,0.0
387,2.0,0,36.75,48.0,1.0
388,2.0,0,13.0,28.0,1.0
389,2.0,1,13.0,32.0,0.0
390,2.0,1,73.5,17.0,0.0
391,2.0,1,27.7208,29.0,0.0
392,2.0,0,27.7208,24.0,1.0
393,2.0,1,31.5,25.0,0.0
394,2.0,1,73.5,18.0,0.0
395,2.0,0,23.0,18.0,1.0
396,2.0,0,23.0,34.0,1.0
397,2.0,1,26.0,54.0,0.0
398,2.0,1,32.5,8.0,1.0
399,2.0,1,32.5,42.0,0.0
400,2.0,0,32.5,34.0,1.0
401,2.0,0,13.8583,27.0,1.0
402,2.0,0,13.8583,30.0,1.0
403,2.0,1,13.0,23.0,0.0
404,2.0,1,13.0,21.0,0.0
405,2.0,1,13.0,18.0,0.0
406,2.0,1,26.0,40.0,0.0
407,2.0,0,26.0,29.0,1.0
408,2.0,1,10.5,18.0,0.0
409,2.0,1,13.0,36.0,0.0
411,2.0,0,13.0,38.0,0.0
412,2.0,1,26.0,35.0,0.0
413,2.0,1,21.0,38.0,0.0
414,2.0,1,21.0,34.0,0.0
415,2.0,0,13.0,34.0,1.0
416,2.0,1,26.0,16.0,0.0
417,2.0,1,10.5,26.0,0.0
418,2.0,1,10.5,47.0,0.0
419,2.0,1,11.5,21.0,0.0
420,2.0,1,11.5,21.0,0.0
421,2.0,1,13.5,24.0,0.0
422,2.0,1,13.0,24.0,0.0
423,2.0,1,13.0,34.0,0.0
424,2.0,1,13.0,30.0,0.0
425,2.0,1,13.0,52.0,0.0
426,2.0,1,13.0,30.0,0.0
427,2.0,1,14.5,0.6667,1.0
428,2.0,0,14.5,24.0,1.0
429,2.0,1,13.0,44.0,0.0
430,2.0,0,33.0,6.0,1.0
431,2.0,1,33.0,28.0,0.0
432,2.0,1,10.5,62.0,1.0
433,2.0,1,10.5,30.0,0.0
434,2.0,0,26.25,7.0,1.0
435,2.0,1,26.25,43.0,0.0
436,2.0,0,26.25,45.0,1.0
437,2.0,0,65.0,24.0,1.0
438,2.0,0,65.0,24.0,1.0
439,2.0,1,65.0,49.0,0.0
440,2.0,0,65.0,48.0,1.0
441,2.0,0,16.0,55.0,1.0
442,2.0,1,73.5,24.0,0.0
443,2.0,1,73.5,32.0,0.0
444,2.0,1,73.5,21.0,0.0
445,2.0,0,13.0,18.0,0.0
446,2.0,0,23.0,20.0,1.0
447,2.0,1,11.5,23.0,0.0
448,2.0,1,13.0,36.0,0.0
449,2.0,0,23.0,54.0,1.0
450,2.0,1,13.0,50.0,0.0
451,2.0,1,26.0,44.0,0.0
452,2.0,0,26.0,29.0,1.0
453,2.0,1,73.5,21.0,0.0
454,2.0,1,13.0,42.0,1.0
455,2.0,1,26.0,63.0,0.0
456,2.0,0,26.0,60.0,0.0
457,2.0,1,12.275,33.0,0.0
458,2.0,0,10.5,17.0,1.0
459,2.0,1,27.0,42.0,0.0
460,2.0,0,27.0,24.0,1.0
461,2.0,1,15.0,47.0,0.0
462,2.0,1,31.5,24.0,0.0
463,2.0,1,31.5,22.0,0.0
464,2.0,1,10.5,32.0,0.0
465,2.0,0,13.7917,23.0,1.0
466,2.0,1,26.0,34.0,0.0
467,2.0,0,26.0,24.0,1.0
468,2.0,0,21.0,22.0,0.0
470,2.0,1,12.35,35.0,0.0
471,2.0,0,13.5,45.0,1.0
472,2.0,1,12.35,57.0,0.0
474,2.0,1,10.5,31.0,0.0
475,2.0,0,26.0,26.0,0.0
476,2.0,1,26.0,30.0,0.0
478,2.0,0,41.5792,1.0,1.0
479,2.0,0,41.5792,3.0,1.0
480,2.0,1,41.5792,25.0,0.0
481,2.0,0,41.5792,22.0,1.0
482,2.0,0,12.0,17.0,1.0
484,2.0,0,10.5,34.0,1.0
485,2.0,1,12.875,36.0,0.0
486,2.0,1,10.5,24.0,0.0
487,2.0,1,12.35,61.0,0.0
488,2.0,1,26.0,50.0,0.0
489,2.0,0,26.0,42.0,1.0
490,2.0,0,10.5,57.0,0.0
492,2.0,1,37.0042,1.0,1.0
493,2.0,1,37.0042,31.0,0.0
494,2.0,0,37.0042,24.0,1.0
496,2.0,1,13.0,30.0,0.0
497,2.0,1,16.0,40.0,0.0
498,2.0,1,13.5,32.0,0.0
499,2.0,1,13.0,30.0,0.0
500,2.0,1,26.0,46.0,0.0
501,2.0,0,19.5,13.0,1.0
502,2.0,0,19.5,41.0,1.0
503,2.0,1,10.5,19.0,1.0
504,2.0,1,13.0,39.0,0.0
505,2.0,1,13.0,48.0,0.0
506,2.0,1,10.5,70.0,0.0
507,2.0,1,13.0,27.0,0.0
508,2.0,1,14.0,54.0,0.0
509,2.0,1,26.0,39.0,0.0
510,2.0,1,10.5,16.0,0.0
511,2.0,1,9.6875,62.0,0.0
512,2.0,1,30.0708,32.5,0.0
513,2.0,0,30.0708,14.0,1.0
514,2.0,1,26.0,2.0,1.0
515,2.0,1,26.0,3.0,1.0
516,2.0,1,26.0,36.5,0.0
517,2.0,1,13.0,26.0,0.0
518,2.0,1,36.75,19.0,0.0
519,2.0,1,13.5,28.0,0.0
520,2.0,1,13.8625,20.0,1.0
521,2.0,0,10.5,29.0,1.0
522,2.0,1,13.0,39.0,0.0
523,2.0,1,10.5,22.0,1.0
525,2.0,1,10.5,23.0,0.0
526,2.0,1,13.8583,29.0,1.0
527,2.0,1,10.5,28.0,0.0
529,2.0,0,26.0,50.0,1.0
530,2.0,1,10.5,19.0,0.0
532,2.0,1,13.0,41.0,0.0
533,2.0,0,21.0,21.0,1.0
534,2.0,0,26.0,19.0,1.0
535,2.0,1,21.0,43.0,0.0
536,2.0,0,13.0,32.0,1.0
537,2.0,1,13.0,34.0,0.0
538,2.0,1,12.7375,30.0,1.0
539,2.0,1,15.0333,27.0,0.0
540,2.0,0,26.0,2.0,1.0
541,2.0,0,26.0,8.0,1.0
542,2.0,0,26.0,33.0,1.0
543,2.0,1,10.5,36.0,0.0
544,2.0,1,21.0,34.0,0.0
545,2.0,0,21.0,30.0,1.0
546,2.0,0,13.0,28.0,1.0
547,2.0,1,15.0458,23.0,0.0
548,2.0,1,18.75,0.8333,1.0
549,2.0,1,18.75,3.0,1.0
550,2.0,0,18.75,24.0,1.0
551,2.0,0,10.5,50.0,1.0
552,2.0,1,10.5,19.0,0.0
553,2.0,0,10.5,21.0,1.0
554,2.0,1,13.0,26.0,0.0
555,2.0,1,13.0,25.0,0.0
556,2.0,1,26.0,27.0,0.0
557,2.0,0,26.0,25.0,1.0
558,2.0,0,13.0,18.0,1.0
559,2.0,0,36.75,20.0,1.0
560,2.0,0,13.0,30.0,1.0
561,2.0,1,13.5,59.0,0.0
562,2.0,0,12.35,30.0,1.0
563,2.0,1,10.5,35.0,0.0
564,2.0,0,13.0,40.0,1.0
565,2.0,1,13.0,25.0,0.0
566,2.0,1,15.0458,41.0,0.0
567,2.0,1,10.5,25.0,0.0
568,2.0,1,13.0,18.5,0.0
569,2.0,1,65.0,14.0,0.0
570,2.0,0,10.5,50.0,1.0
571,2.0,1,13.0,23.0,0.0
572,2.0,0,12.65,28.0,1.0
573,2.0,0,10.5,27.0,1.0
574,2.0,1,21.0,29.0,0.0
575,2.0,0,21.0,27.0,0.0
576,2.0,1,13.0,40.0,0.0
577,2.0,0,21.0,31.0,1.0
578,2.0,1,21.0,30.0,0.0
579,2.0,1,10.5,23.0,0.0
580,2.0,0,21.0,31.0,1.0
582,2.0,0,15.75,12.0,1.0
583,2.0,0,15.75,40.0,1.0
584,2.0,0,13.0,32.5,1.0
585,2.0,1,26.0,27.0,0.0
586,2.0,0,26.0,29.0,1.0
587,2.0,1,23.0,2.0,1.0
588,2.0,0,23.0,4.0,1.0
589,2.0,0,23.0,29.0,1.0
590,2.0,0,27.75,0.9167,1.0
591,2.0,0,27.75,5.0,1.0
592,2.0,1,27.75,36.0,0.0
593,2.0,0,27.75,33.0,1.0
594,2.0,1,10.5,66.0,0.0
596,2.0,1,13.0,31.0,1.0
598,2.0,0,13.5,26.0,1.0
599,2.0,0,13.0,24.0,0.0
600,3.0,1,7.55,42.0,0.0
601,3.0,1,20.25,13.0,0.0
602,3.0,1,20.25,16.0,0.0
603,3.0,0,20.25,35.0,1.0
604,3.0,0,7.65,16.0,1.0
605,3.0,1,7.65,25.0,1.0
606,3.0,1,7.925,20.0,1.0
607,3.0,0,7.2292,18.0,1.0
608,3.0,1,7.25,30.0,0.0
609,3.0,1,8.05,26.0,0.0
610,3.0,0,9.475,40.0,0.0
611,3.0,1,9.35,0.8333,1.0
612,3.0,0,9.35,18.0,1.0
613,3.0,1,18.7875,26.0,1.0
614,3.0,1,7.8875,26.0,0.0
615,3.0,1,7.925,20.0,0.0
616,3.0,1,7.05,24.0,0.0
617,3.0,1,7.05,25.0,0.0
618,3.0,1,8.05,35.0,0.0
619,3.0,1,8.3,18.0,0.0
620,3.0,1,22.525,32.0,0.0
621,3.0,0,7.8542,19.0,1.0
622,3.0,1,31.275,4.0,0.0
623,3.0,0,31.275,6.0,0.0
624,3.0,0,31.275,2.0,0.0
625,3.0,0,7.925,17.0,1.0
626,3.0,0,7.775,38.0,0.0
627,3.0,0,31.275,9.0,0.0
628,3.0,0,31.275,11.0,0.0
629,3.0,1,31.275,39.0,0.0
630,3.0,1,7.7958,27.0,1.0
631,3.0,1,7.775,26.0,0.0
632,3.0,0,31.275,39.0,0.0
633,3.0,1,7.8542,20.0,0.0
634,3.0,1,7.8958,26.0,0.0
635,3.0,1,17.8,25.0,0.0
636,3.0,0,17.8,18.0,0.0
637,3.0,1,7.775,24.0,0.0
638,3.0,1,7.05,35.0,0.0
639,3.0,1,31.3875,5.0,0.0
640,3.0,1,31.3875,9.0,0.0
641,3.0,1,31.3875,3.0,1.0
642,3.0,1,31.3875,13.0,0.0
643,3.0,0,31.3875,5.0,1.0
644,3.0,1,31.3875,40.0,0.0
645,3.0,1,7.7958,23.0,1.0
646,3.0,0,31.3875,38.0,1.0
647,3.0,0,7.225,45.0,1.0
648,3.0,1,7.225,21.0,0.0
649,3.0,1,7.05,23.0,0.0
650,3.0,0,14.4583,17.0,0.0
651,3.0,1,7.225,30.0,0.0
652,3.0,1,7.8542,23.0,0.0
653,3.0,0,7.2292,13.0,1.0
654,3.0,1,7.225,20.0,0.0
655,3.0,1,15.85,32.0,0.0
656,3.0,0,15.85,33.0,1.0
657,3.0,0,19.2583,0.75,1.0
658,3.0,0,19.2583,0.75,1.0
659,3.0,0,19.2583,5.0,1.0
660,3.0,0,19.2583,24.0,1.0
661,3.0,0,8.05,18.0,1.0
662,3.0,1,7.225,40.0,0.0
663,3.0,1,7.8958,26.0,0.0
664,3.0,1,7.2292,20.0,1.0
665,3.0,0,14.4542,18.0,0.0
666,3.0,0,14.4542,45.0,0.0
667,3.0,0,7.8792,27.0,0.0
668,3.0,1,8.05,22.0,0.0
669,3.0,1,8.05,19.0,0.0
670,3.0,1,7.775,26.0,0.0
671,3.0,1,9.35,22.0,0.0
673,3.0,1,4.0125,20.0,0.0
674,3.0,1,56.4958,32.0,1.0
675,3.0,1,7.775,21.0,0.0
676,3.0,1,7.75,18.0,0.0
677,3.0,1,7.8958,26.0,0.0
678,3.0,1,15.2458,6.0,0.0
679,3.0,0,15.2458,9.0,0.0
683,3.0,1,15.5,40.0,0.0
684,3.0,0,15.5,32.0,0.0
685,3.0,1,16.1,21.0,0.0
686,3.0,0,7.725,22.0,1.0
687,3.0,0,7.8542,20.0,0.0
688,3.0,1,7.0458,29.0,0.0
689,3.0,1,7.25,22.0,0.0
690,3.0,1,7.7958,22.0,0.0
691,3.0,1,8.05,35.0,0.0
692,3.0,0,7.2833,18.5,0.0
693,3.0,1,7.8208,21.0,1.0
694,3.0,1,6.75,19.0,0.0
695,3.0,0,7.8792,18.0,0.0
696,3.0,0,8.6625,21.0,0.0
697,3.0,0,8.6625,30.0,0.0
698,3.0,1,8.6625,18.0,0.0
699,3.0,1,8.6625,38.0,0.0
700,3.0,1,8.6625,17.0,0.0
701,3.0,1,8.6625,17.0,0.0
702,3.0,0,7.75,21.0,0.0
703,3.0,1,7.75,21.0,0.0
704,3.0,1,8.05,21.0,0.0
707,3.0,1,7.7958,28.0,0.0
708,3.0,1,7.8542,24.0,0.0
709,3.0,0,7.75,16.0,1.0
710,3.0,0,7.75,37.0,0.0
711,3.0,1,7.25,28.0,0.0
712,3.0,1,8.05,24.0,0.0
713,3.0,1,7.7333,21.0,0.0
714,3.0,1,56.4958,32.0,1.0
715,3.0,1,8.05,29.0,0.0
716,3.0,1,14.4542,26.0,0.0
717,3.0,1,14.4542,18.0,0.0
718,3.0,1,7.05,20.0,0.0
719,3.0,1,8.05,18.0,1.0
720,3.0,1,7.25,24.0,0.0
721,3.0,1,7.4958,36.0,0.0
722,3.0,1,7.4958,24.0,0.0
723,3.0,1,7.7333,31.0,0.0
724,3.0,1,7.75,31.0,0.0
725,3.0,0,7.75,22.0,1.0
726,3.0,0,7.6292,30.0,0.0
727,3.0,1,7.75,70.5,0.0
728,3.0,1,8.05,43.0,0.0
729,3.0,1,7.8958,35.0,0.0
730,3.0,1,7.8958,27.0,0.0
731,3.0,1,7.8958,19.0,0.0
732,3.0,1,8.05,30.0,0.0
733,3.0,1,15.9,9.0,1.0
734,3.0,1,15.9,3.0,1.0
735,3.0,0,15.9,36.0,1.0
736,3.0,1,7.25,59.0,0.0
737,3.0,1,8.1583,19.0,0.0
738,3.0,0,16.1,17.0,1.0
739,3.0,1,16.1,44.0,0.0
740,3.0,1,8.6625,17.0,0.0
741,3.0,1,7.225,22.5,0.0
742,3.0,1,8.05,45.0,1.0
743,3.0,0,10.5167,22.0,0.0
744,3.0,1,10.1708,19.0,0.0
745,3.0,0,6.95,30.0,1.0
746,3.0,1,7.75,29.0,1.0
747,3.0,1,14.4,0.3333,0.0
748,3.0,1,14.4,34.0,0.0
749,3.0,0,14.4,28.0,0.0
750,3.0,1,7.8958,27.0,0.0
751,3.0,1,7.8958,25.0,0.0
752,3.0,1,24.15,24.0,0.0
753,3.0,1,8.05,22.0,0.0
754,3.0,1,24.15,21.0,0.0
755,3.0,1,8.05,17.0,0.0
758,3.0,1,17.4,36.5,1.0
759,3.0,0,17.4,36.0,1.0
760,3.0,1,9.5,30.0,1.0
761,3.0,1,9.5,16.0,0.0
762,3.0,1,20.575,1.0,1.0
763,3.0,0,20.575,0.1667,1.0
764,3.0,1,20.575,26.0,0.0
765,3.0,0,20.575,33.0,1.0
766,3.0,1,7.8958,25.0,0.0
769,3.0,1,7.25,22.0,0.0
770,3.0,1,7.25,36.0,0.0
771,3.0,0,7.8792,19.0,1.0
772,3.0,1,7.8958,17.0,0.0
773,3.0,1,8.6625,42.0,0.0
774,3.0,1,7.8958,43.0,0.0
776,3.0,1,7.75,32.0,0.0
777,3.0,1,8.05,19.0,1.0
778,3.0,0,12.475,30.0,1.0
779,3.0,0,7.75,24.0,0.0
780,3.0,0,8.05,23.0,1.0
781,3.0,1,7.8958,33.0,0.0
782,3.0,1,7.75,65.0,0.0
783,3.0,1,7.55,24.0,1.0
784,3.0,1,13.9,23.0,0.0
785,3.0,0,13.9,22.0,1.0
786,3.0,1,7.775,18.0,0.0
787,3.0,1,7.775,16.0,0.0
788,3.0,1,6.975,45.0,0.0
790,3.0,1,7.2292,39.0,0.0
791,3.0,1,7.2292,17.0,0.0
792,3.0,1,7.2292,15.0,0.0
793,3.0,1,7.25,47.0,0.0
794,3.0,0,12.475,5.0,1.0
796,3.0,1,15.1,40.5,0.0
797,3.0,1,7.75,40.5,0.0
799,3.0,1,7.7958,18.0,0.0
803,3.0,1,7.8792,26.0,0.0
806,3.0,0,34.375,21.0,0.0
807,3.0,0,34.375,9.0,0.0
809,3.0,1,34.375,18.0,0.0
810,3.0,1,34.375,16.0,0.0
811,3.0,0,34.375,48.0,0.0
814,3.0,1,7.7417,25.0,0.0
817,3.0,1,8.05,22.0,0.0
818,3.0,0,7.7333,16.0,1.0
820,3.0,1,20.525,9.0,1.0
821,3.0,1,20.525,33.0,0.0
822,3.0,1,7.85,41.0,0.0
823,3.0,0,20.525,31.0,1.0
824,3.0,1,7.05,38.0,0.0
825,3.0,1,46.9,9.0,0.0
826,3.0,1,46.9,1.0,0.0
827,3.0,1,46.9,11.0,0.0
828,3.0,0,46.9,10.0,0.0
829,3.0,0,46.9,16.0,0.0
830,3.0,1,46.9,14.0,0.0
831,3.0,1,46.9,40.0,0.0
832,3.0,0,46.9,43.0,0.0
833,3.0,1,8.05,51.0,0.0
834,3.0,1,8.3625,32.0,0.0
836,3.0,1,9.8458,20.0,0.0
837,3.0,1,7.925,37.0,0.0
838,3.0,1,7.925,28.0,0.0
839,3.0,1,7.775,19.0,0.0
840,3.0,0,8.85,24.0,0.0
841,3.0,0,7.7333,17.0,0.0
844,3.0,1,15.85,28.0,0.0
845,3.0,0,15.85,24.0,1.0
846,3.0,1,9.5,20.0,0.0
847,3.0,1,7.2292,23.5,0.0
848,3.0,1,14.1083,41.0,0.0
849,3.0,1,7.8542,26.0,0.0
850,3.0,1,7.8542,21.0,0.0
851,3.0,0,14.1083,45.0,1.0
853,3.0,1,7.25,25.0,0.0
855,3.0,1,18.7875,11.0,0.0
857,3.0,1,6.975,27.0,1.0
859,3.0,0,6.75,18.0,0.0
860,3.0,0,7.925,26.0,1.0
861,3.0,0,7.925,23.0,0.0
862,3.0,0,8.9625,22.0,1.0
863,3.0,1,7.8958,28.0,0.0
864,3.0,0,7.775,28.0,0.0
866,3.0,0,12.2875,2.0,1.0
867,3.0,0,12.2875,22.0,1.0
868,3.0,1,6.45,43.0,0.0
869,3.0,1,22.525,28.0,0.0
870,3.0,0,7.925,27.0,1.0
873,3.0,1,7.65,42.0,0.0
875,3.0,1,7.2292,30.0,0.0
877,3.0,0,7.925,27.0,0.0
878,3.0,0,7.925,25.0,0.0
880,3.0,1,7.8958,29.0,1.0
881,3.0,1,7.7958,21.0,1.0
883,3.0,1,7.8542,20.0,0.0
884,3.0,1,7.8542,48.0,0.0
885,3.0,1,7.0542,17.0,0.0
888,3.0,1,6.4958,34.0,0.0
889,3.0,1,7.775,26.0,1.0
890,3.0,1,7.7958,22.0,0.0
891,3.0,1,8.6542,33.0,0.0
892,3.0,1,7.775,31.0,0.0
893,3.0,1,7.8542,29.0,0.0
894,3.0,1,11.1333,4.0,1.0
895,3.0,0,11.1333,1.0,1.0
896,3.0,1,0.0,49.0,0.0
897,3.0,1,7.775,33.0,0.0
898,3.0,1,0.0,19.0,0.0
899,3.0,0,11.1333,27.0,1.0
904,3.0,1,7.8958,23.0,0.0
905,3.0,1,7.8542,32.0,1.0
906,3.0,1,7.8542,27.0,0.0
907,3.0,0,9.825,20.0,0.0
908,3.0,0,9.825,21.0,0.0
909,3.0,1,7.925,32.0,1.0
910,3.0,1,7.125,17.0,0.0
911,3.0,1,8.4333,21.0,0.0
912,3.0,1,7.8958,30.0,0.0
913,3.0,1,7.7958,21.0,1.0
914,3.0,1,7.8542,33.0,0.0
915,3.0,1,7.5208,22.0,0.0
916,3.0,0,13.4167,4.0,1.0
917,3.0,1,13.4167,39.0,1.0
919,3.0,1,7.2292,18.5,0.0
924,3.0,1,7.8292,34.5,0.0
925,3.0,1,8.05,44.0,0.0
932,3.0,0,8.6625,22.0,0.0
933,3.0,1,8.6625,26.0,0.0
934,3.0,0,22.025,4.0,1.0
935,3.0,1,22.025,29.0,1.0
936,3.0,0,22.025,26.0,1.0
937,3.0,0,12.1833,1.0,0.0
938,3.0,1,7.8542,18.0,0.0
939,3.0,0,12.1833,36.0,0.0
941,3.0,1,7.2292,25.0,1.0
943,3.0,0,9.5875,37.0,0.0
947,3.0,0,7.25,22.0,1.0
949,3.0,1,56.4958,26.0,1.0
950,3.0,1,9.4833,29.0,0.0
951,3.0,1,7.775,29.0,0.0
952,3.0,1,7.775,22.0,0.0
953,3.0,1,7.225,22.0,1.0
959,3.0,1,7.925,32.0,0.0
960,3.0,1,6.4375,34.5,0.0
963,3.0,1,0.0,36.0,0.0
964,3.0,1,24.15,39.0,0.0
965,3.0,1,9.5,24.0,0.0
966,3.0,0,7.775,25.0,0.0
967,3.0,0,7.75,45.0,0.0
968,3.0,1,15.55,36.0,0.0
969,3.0,0,15.55,30.0,0.0
970,3.0,1,7.925,20.0,1.0
972,3.0,1,56.4958,28.0,0.0
974,3.0,1,16.1,30.0,0.0
975,3.0,0,16.1,26.0,0.0
977,3.0,1,7.25,20.5,0.0
978,3.0,1,8.6625,27.0,1.0
979,3.0,1,7.0542,51.0,0.0
980,3.0,0,7.8542,23.0,1.0
981,3.0,1,7.5792,32.0,1.0
985,3.0,1,7.1417,24.0,1.0
986,3.0,1,7.125,22.0,0.0
990,3.0,1,7.925,29.0,0.0
992,3.0,0,7.75,30.5,0.0
995,3.0,1,7.8958,35.0,0.0
996,3.0,1,7.8958,33.0,0.0
1007,3.0,0,8.0292,15.0,1.0
1008,3.0,0,7.75,35.0,0.0
1010,3.0,1,16.1,24.0,0.0
1011,3.0,0,16.1,19.0,0.0
1015,3.0,1,8.05,55.5,0.0
1017,3.0,1,7.775,21.0,1.0
1019,3.0,1,7.8958,24.0,0.0
1020,3.0,1,7.8958,21.0,0.0
1021,3.0,1,7.8958,28.0,0.0
1024,3.0,1,7.65,25.0,0.0
1025,3.0,1,12.475,6.0,1.0
1026,3.0,0,12.475,27.0,1.0
1031,3.0,1,8.05,34.0,0.0
1040,3.0,0,7.75,24.0,1.0
1045,3.0,1,7.75,18.0,0.0
1046,3.0,1,7.8958,22.0,0.0
1047,3.0,0,7.225,15.0,1.0
1048,3.0,0,15.7417,1.0,1.0
1049,3.0,1,15.7417,20.0,1.0
1050,3.0,0,15.7417,19.0,1.0
1051,3.0,1,8.05,33.0,0.0
1056,3.0,1,11.2417,12.0,1.0
1057,3.0,0,11.2417,14.0,1.0
1058,3.0,0,7.925,29.0,0.0
1059,3.0,1,8.05,28.0,0.0
1060,3.0,0,7.775,18.0,1.0
1061,3.0,0,7.8542,26.0,1.0
1062,3.0,1,7.8542,21.0,0.0
1063,3.0,1,7.125,41.0,0.0
1064,3.0,1,7.925,39.0,1.0
1065,3.0,1,7.8,21.0,0.0
1066,3.0,1,7.2292,28.5,0.0
1067,3.0,0,7.75,22.0,1.0
1068,3.0,1,6.2375,61.0,0.0
1075,3.0,1,9.225,23.0,0.0
1079,3.0,0,7.775,22.0,1.0
1082,3.0,1,3.1708,9.0,1.0
1083,3.0,1,22.525,28.0,0.0
1084,3.0,1,8.4042,42.0,0.0
1086,3.0,0,7.8542,31.0,0.0
1087,3.0,1,7.8542,28.0,0.0
1088,3.0,1,7.775,32.0,1.0
1089,3.0,1,9.225,20.0,0.0
1090,3.0,0,8.6625,23.0,0.0
1091,3.0,0,8.6625,20.0,0.0
1092,3.0,1,8.6625,20.0,0.0
1093,3.0,1,9.2167,16.0,0.0
1094,3.0,0,8.6833,31.0,1.0
1096,3.0,1,21.075,2.0,0.0
1097,3.0,1,21.075,6.0,0.0
1098,3.0,0,21.075,3.0,0.0
1099,3.0,0,21.075,8.0,0.0
1100,3.0,0,21.075,29.0,0.0
1101,3.0,1,39.6875,1.0,0.0
1102,3.0,1,39.6875,7.0,0.0
1103,3.0,1,39.6875,2.0,0.0
1104,3.0,1,39.6875,16.0,0.0
1105,3.0,1,39.6875,14.0,0.0
1106,3.0,0,39.6875,41.0,0.0
1107,3.0,1,8.6625,21.0,0.0
1108,3.0,1,14.5,19.0,0.0
1110,3.0,1,7.8958,32.0,0.0
1111,3.0,1,13.775,0.75,0.0
1112,3.0,0,13.775,3.0,0.0
1113,3.0,0,13.775,26.0,0.0
1117,3.0,1,7.925,21.0,0.0
1118,3.0,1,7.925,25.0,0.0
1119,3.0,1,7.25,22.0,0.0
1120,3.0,1,7.775,25.0,1.0
1125,3.0,1,8.05,24.0,0.0
1126,3.0,0,7.8958,28.0,0.0
1127,3.0,1,7.8958,19.0,0.0
1129,3.0,1,7.775,25.0,0.0
1130,3.0,0,7.775,18.0,0.0
1131,3.0,1,8.05,32.0,1.0
1133,3.0,1,8.6625,17.0,0.0
1134,3.0,1,8.6625,24.0,0.0
1139,3.0,1,7.8958,38.0,0.0
1140,3.0,1,8.05,21.0,0.0
1141,3.0,1,29.125,10.0,0.0
1142,3.0,1,29.125,4.0,0.0
1143,3.0,1,29.125,7.0,0.0
1144,3.0,1,29.125,2.0,0.0
1145,3.0,1,29.125,8.0,0.0
1146,3.0,0,29.125,39.0,0.0
1147,3.0,0,39.6875,22.0,0.0
1148,3.0,1,7.125,35.0,0.0
1152,3.0,1,14.5,50.0,0.0
1153,3.0,0,14.5,47.0,0.0
1156,3.0,0,20.2125,2.0,0.0
1157,3.0,1,20.2125,18.0,0.0
1158,3.0,0,20.2125,41.0,0.0
1160,3.0,1,8.05,50.0,0.0
1161,3.0,1,8.05,16.0,0.0
1165,3.0,1,7.225,25.0,0.0
1169,3.0,1,7.25,38.5,0.0
1171,3.0,1,69.55,14.5,0.0
1181,3.0,1,9.325,24.0,0.0
1182,3.0,0,7.65,21.0,1.0
1183,3.0,1,7.925,39.0,0.0
1187,3.0,0,16.7,1.0,1.0
1188,3.0,0,16.7,24.0,1.0
1189,3.0,0,16.7,4.0,1.0
1190,3.0,1,9.5,25.0,1.0
1191,3.0,1,8.05,20.0,0.0
1192,3.0,1,8.05,24.5,0.0
1196,3.0,1,9.5,29.0,1.0
1201,3.0,1,7.2292,22.0,0.0
1203,3.0,1,7.8958,40.0,0.0
1204,3.0,1,7.925,21.0,0.0
1205,3.0,0,7.4958,18.0,1.0
1206,3.0,1,27.9,4.0,0.0
1207,3.0,1,27.9,10.0,0.0
1208,3.0,0,27.9,9.0,0.0
1209,3.0,0,27.9,2.0,0.0
1210,3.0,1,27.9,40.0,0.0
1211,3.0,0,27.9,45.0,0.0
1217,3.0,1,7.65,19.0,0.0
1218,3.0,1,8.05,30.0,0.0
1220,3.0,1,8.05,32.0,0.0
1222,3.0,1,8.6625,33.0,0.0
1223,3.0,0,7.55,23.0,1.0
1224,3.0,1,8.05,21.0,0.0
1226,3.0,1,7.8958,19.0,0.0
1227,3.0,0,9.8375,22.0,0.0
1228,3.0,1,7.925,31.0,1.0
1229,3.0,1,8.6625,27.0,0.0
1230,3.0,0,10.4625,2.0,0.0
1231,3.0,0,10.4625,29.0,0.0
1232,3.0,1,8.05,16.0,1.0
1233,3.0,1,7.925,44.0,1.0
1234,3.0,1,7.05,25.0,0.0
1235,3.0,1,7.775,74.0,0.0
1236,3.0,1,9.225,14.0,1.0
1237,3.0,1,7.7958,24.0,0.0
1238,3.0,1,7.7958,25.0,1.0
1239,3.0,1,8.05,34.0,0.0
1240,3.0,1,8.5167,0.4167,1.0
1244,3.0,0,8.5167,16.0,1.0
1248,3.0,1,7.925,32.0,0.0
1251,3.0,1,8.05,30.5,0.0
1252,3.0,1,8.05,44.0,0.0
1254,3.0,1,0.0,25.0,1.0
1256,3.0,1,15.2458,7.0,1.0
1257,3.0,0,15.2458,9.0,1.0
1258,3.0,0,15.2458,29.0,1.0
1259,3.0,1,7.8958,36.0,0.0
1260,3.0,0,9.8417,18.0,1.0
1261,3.0,0,9.5875,63.0,1.0
1263,3.0,1,14.5,11.5,0.0
1264,3.0,1,14.5,40.5,0.0
1265,3.0,0,24.15,10.0,0.0
1266,3.0,1,24.15,36.0,0.0
1267,3.0,0,24.15,30.0,0.0
1269,3.0,1,9.5,33.0,0.0
1270,3.0,1,9.5,28.0,0.0
1271,3.0,1,9.5,28.0,0.0
1272,3.0,1,9.0,47.0,0.0
1273,3.0,0,18.0,18.0,0.0
1274,3.0,1,18.0,31.0,0.0
1275,3.0,1,18.0,16.0,0.0
1276,3.0,0,18.0,31.0,0.0
1277,3.0,1,7.225,22.0,1.0
1278,3.0,1,7.8542,20.0,0.0
1279,3.0,0,7.8542,14.0,0.0
1280,3.0,1,7.8958,22.0,0.0
1281,3.0,1,9.0,22.0,0.0
1285,3.0,1,9.5,32.5,0.0
1286,3.0,0,7.2292,38.0,1.0
1287,3.0,1,7.75,51.0,0.0
1288,3.0,1,6.4958,18.0,0.0
1289,3.0,1,6.4958,21.0,0.0
1290,3.0,0,7.0,47.0,1.0
1294,3.0,1,16.1,28.5,0.0
1295,3.0,1,7.25,21.0,0.0
1296,3.0,1,8.6625,27.0,0.0
1298,3.0,1,9.5,36.0,0.0
1299,3.0,1,14.4542,27.0,0.0
1300,3.0,0,14.4542,15.0,1.0
1301,3.0,1,7.225,45.5,0.0
1304,3.0,0,14.4542,14.5,0.0
1306,3.0,1,7.225,26.5,0.0
1307,3.0,1,7.225,27.0,0.0
1308,3.0,1,7.875,29.0,0.0
